id_base_site;base_site_name;geometry
85;test_kisito;44.3686369999999997 3.52491200000000005
71;testest;43.8726529999999997 6.1633300000000002
52;Gite Tutu;44.3817840000000032 6.08917199999999958
57;Test_gite;49.0150179999999978 1.417408
62;nom_gite2;47.0402410000000017 3.74865499999999985
70;zer;45.6342360000000014 5.74177300000000024
78;test site;44.3817919999999972 6.08913499999999974
58;Gite_test;44.235754 3.72985800000000012
